sumlev,state,county,place,cousub,concit,primgeo_flag,funcstat,name,stname,estimatesbase2020,popestimate2020,popestimate2021,popestimate2022,popestimate2023
162,19,000,00190,00000,00000,0,A,Ackley city,Iowa,1599,1595,1579,1558,1538
162,19,000,00235,00000,00000,0,A,Ackworth city,Iowa,117,117,119,118,117
162,19,000,00370,00000,00000,0,A,Adair city,Iowa,794,793,795,790,781
162,19,000,00505,00000,00000,0,A,Adel city,Iowa,6156,6176,6283,6470,6474
162,19,000,00595,00000,00000,0,A,Afton city,Iowa,870,870,867,861,863
162,19,000,00640,00000,00000,0,A,Agency city,Iowa,617,615,619,615,614
162,19,000,00730,00000,00000,0,A,Ainsworth city,Iowa,509,508,510,512,513
162,19,000,00775,00000,00000,0,A,Akron city,Iowa,1554,1550,1548,1541,1542
162,19,000,00865,00000,00000,0,A,Albert City city,Iowa,676,675,671,659,626
162,19,000,00910,00000,00000,0,A,Albia city,Iowa,3716,3725,3713,3678,3661
162,19,000,00955,00000,00000,0,A,Albion city,Iowa,449,449,445,440,441
162,19,000,01000,00000,00000,0,A,Alburnett city,Iowa,673,675,671,666,667
162,19,000,01045,00000,00000,0,A,Alden city,Iowa,763,761,753,745,738
162,19,000,01090,00000,00000,0,A,Alexander city,Iowa,167,167,166,166,163
162,19,000,01135,00000,00000,0,A,Algona city,Iowa,5487,5478,5388,5374,5342
162,19,000,01180,00000,00000,0,A,Alleman city,Iowa,434,433,437,434,434
162,19,000,01270,00000,00000,0,A,Allerton city,Iowa,430,431,430,428,432
162,19,000,01315,00000,00000,0,A,Allison city,Iowa,967,967,963,953,942
162,19,000,01495,00000,00000,0,A,Alta city,Iowa,2088,2086,2080,2040,2018
162,19,000,01540,00000,00000,0,A,Alta Vista city,Iowa,226,226,224,220,217
162,19,000,01585,00000,00000,0,A,Alton city,Iowa,1245,1244,1238,1238,1243
162,19,000,01630,00000,00000,0,A,Altoona city,Iowa,19593,19674,20764,21512,21698
162,19,000,01675,00000,00000,0,A,Alvord city,Iowa,209,209,210,214,215
162,19,000,01855,00000,00000,0,A,Ames city,Iowa,66428,66487,67024,65582,65686
162,19,000,01990,00000,00000,0,A,Anamosa city,Iowa,5445,5451,5512,5654,5704
162,19,000,02080,00000,00000,0,A,Andover city,Iowa,108,108,108,107,107
162,19,000,02125,00000,00000,0,A,Andrew city,Iowa,378,377,378,376,375
162,19,000,02260,00000,00000,0,A,Anita city,Iowa,965,964,960,966,965
162,19,000,02305,00000,00000,0,A,Ankeny city,Iowa,68062,68527,70627,72433,74458
162,19,000,02350,00000,00000,0,A,Anthon city,Iowa,542,541,532,531,531
162,19,000,02395,00000,00000,0,A,Aplington city,Iowa,1112,1111,1107,1096,1089
162,19,000,02485,00000,00000,0,A,Arcadia city,Iowa,525,529,548,565,578
162,19,000,02530,00000,00000,0,A,Archer city,Iowa,116,116,114,115,114
162,19,000,02620,00000,00000,0,A,Aredale city,Iowa,60,60,60,59,59
162,19,000,02755,00000,00000,0,A,Arion city,Iowa,98,98,96,96,95
162,19,000,02800,00000,00000,0,A,Arispe city,Iowa,96,96,95,94,94
162,19,000,02845,00000,00000,0,A,Arlington city,Iowa,422,421,419,420,418
162,19,000,02935,00000,00000,0,A,Armstrong city,Iowa,873,869,871,856,856
162,19,000,03025,00000,00000,0,A,Arnolds Park city,Iowa,1107,1115,1150,1147,1185
162,19,000,03115,00000,00000,0,A,Arthur city,Iowa,221,222,221,220,216
162,19,000,03160,00000,00000,0,A,Asbury city,Iowa,5948,5961,5983,5974,6007
162,19,000,03295,00000,00000,0,A,Ashton city,Iowa,451,452,448,441,432
162,19,000,03340,00000,00000,0,A,Aspinwall city,Iowa,35,35,34,34,34
162,19,000,03385,00000,00000,0,A,Atalissa city,Iowa,297,296,293,288,287
162,19,000,03475,00000,00000,0,A,Atkins city,Iowa,2058,2062,2096,2118,2140
162,19,000,03520,00000,00000,0,A,Atlantic city,Iowa,6797,6791,6768,6787,6781
162,19,000,03610,00000,00000,0,A,Auburn city,Iowa,264,263,263,259,258
162,19,000,03655,00000,00000,0,A,Audubon city,Iowa,2058,2059,2042,2013,1999
162,19,000,03745,00000,00000,0,A,Aurelia city,Iowa,968,968,956,956,970
162,19,000,03835,00000,00000,0,A,Aurora city,Iowa,166,166,166,166,166
162,19,000,03970,00000,00000,0,A,Avoca city,Iowa,1684,1687,1683,1671,1678
162,19,000,04105,00000,00000,0,A,Ayrshire city,Iowa,133,133,132,130,129
162,19,000,04195,00000,00000,0,A,Badger city,Iowa,524,524,539,535,532
162,19,000,04240,00000,00000,0,A,Bagley city,Iowa,232,232,228,230,230
162,19,000,04330,00000,00000,0,A,Baldwin city,Iowa,101,101,100,100,100
162,19,000,04375,00000,00000,0,A,Balltown city,Iowa,79,79,78,79,79
162,19,000,04420,00000,00000,0,A,Bancroft city,Iowa,700,699,684,683,680
162,19,000,04510,00000,00000,0,A,Bankston city,Iowa,24,24,24,23,23
162,19,000,04555,00000,00000,0,A,Barnes City city,Iowa,154,154,152,152,151
162,19,000,04645,00000,00000,0,A,Barnum city,Iowa,176,176,176,173,178
162,19,000,04780,00000,00000,0,A,Bassett city,Iowa,43,43,42,42,42
162,19,000,04825,00000,00000,0,A,Batavia city,Iowa,433,433,435,431,424
162,19,000,04870,00000,00000,0,A,Battle Creek city,Iowa,701,703,698,693,685
162,19,000,04915,00000,00000,0,A,Baxter city,Iowa,969,970,975,977,976
162,19,000,04960,00000,00000,0,A,Bayard city,Iowa,407,406,402,404,404
162,19,000,05050,00000,00000,0,A,Beacon city,Iowa,435,434,431,431,431
162,19,000,05095,00000,00000,0,A,Beaconsfield city,Iowa,15,15,15,15,15
162,19,000,05140,00000,00000,0,A,Beaman city,Iowa,160,160,160,160,159
162,19,000,05185,00000,00000,0,A,Beaver city,Iowa,45,45,45,44,44
162,19,000,05365,00000,00000,0,A,Bedford city,Iowa,1501,1493,1495,1494,1503
162,19,000,05590,00000,00000,0,A,Belle Plaine city,Iowa,2331,2327,2339,2337,2340
162,19,000,05635,00000,00000,0,A,Bellevue city,Iowa,2363,2357,2347,2328,2320
162,19,000,05680,00000,00000,0,A,Belmond city,Iowa,2466,2461,2436,2410,2399
162,19,000,05770,00000,00000,0,A,Bennett city,Iowa,348,348,345,339,335
162,19,000,05905,00000,00000,0,A,Benton city,Iowa,40,40,40,40,40
162,19,000,06040,00000,00000,0,A,Berkley city,Iowa,22,22,22,22,21
162,19,000,06085,00000,00000,0,A,Bernard city,Iowa,115,115,114,116,116
162,19,000,06175,00000,00000,0,A,Bertram city,Iowa,270,270,267,267,267
162,19,000,06355,00000,00000,0,A,Bettendorf city,Iowa,39097,39125,39328,39532,39858
162,19,000,06490,00000,00000,0,A,Bevington city,Iowa,55,55,55,55,59
162,19,000,06625,00000,00000,0,A,Birmingham city,Iowa,369,370,372,371,372
162,19,000,06760,00000,00000,0,A,Blairsburg city,Iowa,176,176,174,175,176
162,19,000,06805,00000,00000,0,A,Blairstown city,Iowa,707,706,708,706,704
162,19,000,06850,00000,00000,0,A,Blakesburg city,Iowa,273,272,272,270,269
162,19,000,06895,00000,00000,0,A,Blanchard city,Iowa,30,30,30,30,29
162,19,000,06940,00000,00000,0,A,Blencoe city,Iowa,233,233,228,228,227
162,19,000,06985,00000,00000,0,A,Blockton city,Iowa,124,123,123,123,125
162,19,000,07030,00000,00000,0,A,Bloomfield city,Iowa,2682,2683,2696,2773,2772
162,19,000,07075,00000,00000,0,A,Blue Grass city,Iowa,1666,1665,1673,1678,1686
162,19,000,07210,00000,00000,0,A,Bode city,Iowa,306,306,305,302,301
162,19,000,07345,00000,00000,0,A,Bonaparte city,Iowa,359,360,362,360,361
162,19,000,07390,00000,00000,0,A,Bondurant city,Iowa,7373,7439,8052,8705,8959
162,19,000,07480,00000,00000,0,A,Boone city,Iowa,12453,12452,12490,12386,12416
162,19,000,07660,00000,00000,0,A,Bouton city,Iowa,130,130,130,129,126
162,19,000,07750,00000,00000,0,A,Boxholm city,Iowa,178,178,178,175,173
162,19,000,07840,00000,00000,0,A,Boyden city,Iowa,702,701,697,693,697
162,19,000,07930,00000,00000,0,A,Braddyville city,Iowa,142,142,142,141,139
162,19,000,08065,00000,00000,0,A,Bradgate city,Iowa,75,75,75,75,74
162,19,000,08155,00000,00000,0,A,Brandon city,Iowa,336,337,337,336,333
162,19,000,08200,00000,00000,0,A,Brayton city,Iowa,143,143,142,138,137
162,19,000,08290,00000,00000,0,A,Breda city,Iowa,498,497,500,496,494
162,19,000,08425,00000,00000,0,A,Bridgewater city,Iowa,148,148,149,147,145
162,19,000,08470,00000,00000,0,A,Brighton city,Iowa,599,598,594,591,589
162,19,000,08560,00000,00000,0,A,Bristow city,Iowa,144,144,144,142,139
162,19,000,08605,00000,00000,0,A,Britt city,Iowa,2045,2036,2020,2002,2004
162,19,000,08650,00000,00000,0,A,Bronson city,Iowa,300,299,298,296,294
162,19,000,08695,00000,00000,0,A,Brooklyn city,Iowa,1497,1496,1486,1469,1464
162,19,000,08875,00000,00000,0,A,Brunsville city,Iowa,128,128,127,127,129
162,19,000,09100,00000,00000,0,A,Buckeye city,Iowa,84,84,83,82,82
162,19,000,09145,00000,00000,0,A,Buck Grove city,Iowa,35,35,34,34,34
162,19,000,09235,00000,00000,0,A,Buffalo city,Iowa,1181,1179,1173,1164,1164
162,19,000,09280,00000,00000,0,A,Buffalo Center city,Iowa,862,861,859,855,847
162,19,000,09550,00000,00000,0,A,Burlington city,Iowa,23988,23932,23730,23581,23565
162,19,000,09685,00000,00000,0,A,Burt city,Iowa,418,417,409,406,405
162,19,000,09730,00000,00000,0,A,Bussey city,Iowa,380,379,376,374,374
162,19,000,09820,00000,00000,0,A,Calamus city,Iowa,354,354,354,351,350
162,19,000,09955,00000,00000,0,A,Callender city,Iowa,371,371,368,362,359
162,19,000,10045,00000,00000,0,A,Calmar city,Iowa,1134,1132,1119,1109,1097
162,19,000,10090,00000,00000,0,A,Calumet city,Iowa,145,145,143,143,141
162,19,000,10135,00000,00000,0,A,Camanche city,Iowa,4572,4571,4578,4556,4552
162,19,000,10225,00000,00000,0,A,Cambridge city,Iowa,829,828,835,828,828
162,19,000,10450,00000,00000,0,A,Cantril city,Iowa,223,223,225,224,225
162,19,000,10585,00000,00000,0,A,Carbon city,Iowa,32,32,31,31,30
162,19,000,10765,00000,00000,0,A,Carlisle city,Iowa,4160,4166,4195,4283,4326
162,19,000,11035,00000,00000,0,A,Carpenter city,Iowa,89,89,89,90,90
162,19,000,11080,00000,00000,0,A,Carroll city,Iowa,10319,10300,10282,10181,10163
162,19,000,11170,00000,00000,0,A,Carson city,Iowa,766,768,765,765,766
162,19,000,11215,00000,00000,0,A,Carter Lake city,Iowa,3792,3790,3772,3757,3759
162,19,000,11305,00000,00000,0,A,Cascade city,Iowa,2388,2390,2394,2384,2385
162,19,000,11395,00000,00000,0,A,Casey city,Iowa,384,383,379,386,385
162,19,000,11485,00000,00000,0,A,Castalia city,Iowa,144,144,142,141,139
162,19,000,11530,00000,00000,0,A,Castana city,Iowa,105,105,103,102,103
162,19,000,11755,00000,00000,0,A,Cedar Falls city,Iowa,40726,40702,40668,40570,40737
162,19,000,12000,00000,00000,0,A,Cedar Rapids city,Iowa,137728,137758,136874,136392,135958
162,19,000,12270,00000,00000,0,A,Center Point city,Iowa,2585,2584,2570,2556,2549
162,19,000,12315,00000,00000,0,A,Centerville city,Iowa,5422,5407,5388,5357,5344
162,19,000,12495,00000,00000,0,A,Central City city,Iowa,1266,1267,1254,1246,1241
162,19,000,12630,00000,00000,0,A,Centralia city,Iowa,116,116,115,115,117
162,19,000,12720,00000,00000,0,A,Chariton city,Iowa,4196,4189,4229,4228,4280
162,19,000,12765,00000,00000,0,A,Charles City city,Iowa,7400,7382,7312,7242,7228
162,19,000,12855,00000,00000,0,A,Charlotte city,Iowa,391,390,393,391,389
162,19,000,12900,00000,00000,0,A,Charter Oak city,Iowa,533,532,522,518,511
162,19,000,12945,00000,00000,0,A,Chatsworth city,Iowa,74,74,74,75,74
162,19,000,12990,00000,00000,0,A,Chelsea city,Iowa,227,226,224,224,220
162,19,000,13080,00000,00000,0,A,Cherokee city,Iowa,5196,5195,5138,5119,5167
162,19,000,13125,00000,00000,0,A,Chester city,Iowa,136,136,136,136,133
162,19,000,13215,00000,00000,0,A,Chillicothe city,Iowa,76,76,76,75,78
162,19,000,13350,00000,00000,0,A,Churdan city,Iowa,366,365,363,360,357
162,19,000,13395,00000,00000,0,A,Cincinnati city,Iowa,289,288,287,284,283
162,19,000,13485,00000,00000,0,A,Clare city,Iowa,140,140,140,137,136
162,19,000,13530,00000,00000,0,A,Clarence city,Iowa,1038,1037,1029,1017,1004
162,19,000,13575,00000,00000,0,A,Clarinda city,Iowa,5369,5364,5375,5388,5305
162,19,000,13620,00000,00000,0,A,Clarion city,Iowa,2811,2805,2782,2756,2745
162,19,000,13755,00000,00000,0,A,Clarksville city,Iowa,1262,1261,1259,1244,1243
162,19,000,13845,00000,00000,0,A,Clayton city,Iowa,46,46,46,46,46
162,19,000,13980,00000,00000,0,A,Clearfield city,Iowa,279,278,278,278,282
162,19,000,14025,00000,00000,0,A,Clear Lake city,Iowa,7676,7660,7593,7558,7567
162,19,000,14115,00000,00000,0,A,Cleghorn city,Iowa,239,239,236,233,236
162,19,000,14160,00000,00000,0,A,Clemons city,Iowa,136,136,135,133,133
162,19,000,14250,00000,00000,0,A,Clermont city,Iowa,579,577,572,576,571
162,19,000,14430,00000,00000,0,A,Clinton city,Iowa,24467,24444,24457,24346,24239
162,19,000,14475,00000,00000,0,A,Clio city,Iowa,66,66,66,66,67
162,19,000,14520,00000,00000,0,A,Clive city,Iowa,18602,18654,18887,18922,19005
162,19,000,14655,00000,00000,0,A,Clutier city,Iowa,212,211,209,209,208
162,19,000,14880,00000,00000,0,A,Coburg city,Iowa,27,27,27,27,27
162,19,000,14925,00000,00000,0,A,Coggon city,Iowa,704,703,696,692,686
162,19,000,14970,00000,00000,0,A,Coin city,Iowa,176,176,176,175,172
162,19,000,15015,00000,00000,0,A,Colesburg city,Iowa,387,386,387,384,383
162,19,000,15060,00000,00000,0,A,Colfax city,Iowa,2255,2253,2254,2252,2262
162,19,000,15105,00000,00000,0,A,College Springs city,Iowa,172,172,172,171,169
162,19,000,15195,00000,00000,0,A,Collins city,Iowa,496,498,503,499,496
162,19,000,15240,00000,00000,0,A,Colo city,Iowa,848,847,850,845,842
162,19,000,15375,00000,00000,0,A,Columbus City city,Iowa,387,386,384,382,378
162,19,000,15420,00000,00000,0,A,Columbus Junction city,Iowa,1834,1830,1810,1788,1771
162,19,000,15465,00000,00000,0,A,Colwell city,Iowa,58,58,57,57,57
162,19,000,15645,00000,00000,0,A,Conesville city,Iowa,351,350,348,345,346
162,19,000,15825,00000,00000,0,A,Conrad city,Iowa,1092,1092,1092,1092,1095
162,19,000,15960,00000,00000,0,A,Conway city,Iowa,16,16,16,16,16
162,19,000,16050,00000,00000,0,A,Coon Rapids city,Iowa,1305,1303,1298,1274,1268
162,19,000,16140,00000,00000,0,A,Coppock city,Iowa,37,37,37,37,36
162,19,000,16230,00000,00000,0,A,Coralville city,Iowa,22331,22333,22937,23172,23596
162,19,000,16500,00000,00000,0,A,Corning city,Iowa,1567,1568,1534,1515,1491
162,19,000,16545,00000,00000,0,A,Correctionville city,Iowa,761,760,750,743,746
162,19,000,16590,00000,00000,0,A,Corwith city,Iowa,267,266,264,262,260
162,19,000,16635,00000,00000,0,A,Corydon city,Iowa,1521,1522,1527,1515,1537
162,19,000,16725,00000,00000,0,A,Cotter city,Iowa,38,38,37,37,37
162,19,000,16815,00000,00000,0,A,Coulter city,Iowa,219,219,218,216,217
162,19,000,16860,00000,00000,0,A,Council Bluffs city,Iowa,62792,62790,62580,62322,62399
162,19,000,16950,00000,00000,0,A,Craig city,Iowa,77,77,77,76,76
162,19,000,17130,00000,00000,0,A,Crawfordsville city,Iowa,278,277,278,277,278
162,19,000,17175,00000,00000,0,A,Crescent city,Iowa,626,626,626,622,624
162,19,000,17220,00000,00000,0,A,Cresco city,Iowa,3892,3903,3918,3939,3897
162,19,000,17265,00000,00000,0,A,Creston city,Iowa,7542,7534,7480,7388,7392
162,19,000,17490,00000,00000,0,A,Cromwell city,Iowa,105,105,104,103,103
162,19,000,17670,00000,00000,0,A,Crystal Lake city,Iowa,254,253,249,249,244
162,19,000,17760,00000,00000,0,A,Cumberland city,Iowa,248,248,249,253,250
162,19,000,17850,00000,00000,0,A,Cumming city,Iowa,430,432,454,485,501
162,19,000,17895,00000,00000,0,A,Curlew city,Iowa,40,40,39,39,39
162,19,000,17940,00000,00000,0,A,Cushing city,Iowa,230,230,227,225,223
162,19,000,17985,00000,00000,0,A,Cylinder city,Iowa,87,87,86,85,85
162,19,000,18075,00000,00000,0,A,Dakota City city,Iowa,759,759,764,759,756
162,19,000,18255,00000,00000,0,A,Dallas Center city,Iowa,1904,1909,1925,1954,1966
162,19,000,18345,00000,00000,0,A,Dana city,Iowa,35,35,35,35,34
162,19,000,18390,00000,00000,0,A,Danbury city,Iowa,319,318,312,311,311
162,19,000,18435,00000,00000,0,A,Danville city,Iowa,923,921,912,907,908
162,19,000,19000,00000,00000,0,A,Davenport city,Iowa,101727,101651,101041,100339,100354
162,19,000,19090,00000,00000,0,A,Davis City city,Iowa,178,177,179,180,179
162,19,000,19135,00000,00000,0,A,Dawson city,Iowa,112,112,112,112,110
162,19,000,19180,00000,00000,0,A,Dayton city,Iowa,774,774,772,762,759
162,19,000,19315,00000,00000,0,A,Decatur city,Iowa,177,176,178,178,178
162,19,000,19405,00000,00000,0,A,Decorah city,Iowa,7583,7578,7600,7614,7578
162,19,000,19450,00000,00000,0,A,Dedham city,Iowa,223,223,222,219,221
162,19,000,19495,00000,00000,0,A,Deep River city,Iowa,251,251,251,248,249
162,19,000,19585,00000,00000,0,A,Defiance city,Iowa,248,247,247,243,245
162,19,000,19630,00000,00000,0,A,Delaware city,Iowa,140,140,140,140,139
162,19,000,19675,00000,00000,0,A,Delhi city,Iowa,413,414,417,428,432
162,19,000,19720,00000,00000,0,A,Delmar city,Iowa,545,544,544,538,542
162,19,000,19765,00000,00000,0,A,Deloit city,Iowa,250,250,246,244,242
162,19,000,19855,00000,00000,0,A,Delta city,Iowa,262,261,257,257,258
162,19,000,19945,00000,00000,0,A,Denison city,Iowa,8367,8351,8224,8177,8114
162,19,000,20035,00000,00000,0,A,Denver city,Iowa,1921,1921,1933,1943,1946
162,19,000,20125,00000,00000,0,A,Derby city,Iowa,88,88,89,89,89
162,19,000,21000,00000,00000,0,A,Des Moines city,Iowa,214124,213826,212625,211048,210381
162,19,000,21045,00000,00000,0,A,De Soto city,Iowa,918,922,931,938,933
162,19,000,21180,00000,00000,0,A,DeWitt city,Iowa,5515,5517,5533,5522,5587
162,19,000,21225,00000,00000,0,A,Dexter city,Iowa,640,641,643,637,629
162,19,000,21270,00000,00000,0,A,Diagonal city,Iowa,339,338,337,342,338
162,19,000,21360,00000,00000,0,A,Dickens city,Iowa,147,146,147,147,147
162,19,000,21405,00000,00000,0,A,Dike city,Iowa,1300,1300,1299,1296,1298
162,19,000,21540,00000,00000,0,A,Dixon city,Iowa,203,203,203,202,204
162,19,000,21675,00000,00000,0,A,Dolliver city,Iowa,66,66,65,64,64
162,19,000,21720,00000,00000,0,A,Donahue city,Iowa,334,333,334,334,336
162,19,000,21810,00000,00000,0,A,Donnellson city,Iowa,887,887,884,873,866
162,19,000,21900,00000,00000,0,A,Doon city,Iowa,619,618,629,638,642
162,19,000,22080,00000,00000,0,A,Dougherty city,Iowa,63,63,62,62,61
162,19,000,22215,00000,00000,0,A,Dow City city,Iowa,485,484,477,471,467
162,19,000,22305,00000,00000,0,A,Dows city,Iowa,526,525,519,513,509
162,19,000,22350,00000,00000,0,A,Drakesville city,Iowa,164,164,167,167,170
162,19,000,22395,00000,00000,0,A,Dubuque city,Iowa,59677,59654,59277,58906,58877
162,19,000,22620,00000,00000,0,A,Dumont city,Iowa,636,636,632,624,618
162,19,000,22755,00000,00000,0,A,Duncombe city,Iowa,379,379,376,372,370
162,19,000,22800,00000,00000,0,A,Dundee city,Iowa,195,194,195,195,194
162,19,000,22845,00000,00000,0,A,Dunkerton city,Iowa,838,839,830,829,832
162,19,000,22890,00000,00000,0,A,Dunlap city,Iowa,1041,1041,1044,1044,1035
162,19,000,22935,00000,00000,0,A,Durango city,Iowa,22,22,22,21,21
162,19,000,22980,00000,00000,0,A,Durant city,Iowa,1876,1880,1864,1835,1815
162,19,000,23115,00000,00000,0,A,Dyersville city,Iowa,4479,4505,4511,4554,4557
162,19,000,23160,00000,00000,0,A,Dysart city,Iowa,1281,1277,1265,1263,1261
162,19,000,23250,00000,00000,0,A,Eagle Grove city,Iowa,3607,3601,3589,3569,3566
162,19,000,23340,00000,00000,0,A,Earlham city,Iowa,1411,1414,1418,1424,1413
162,19,000,23385,00000,00000,0,A,Earling city,Iowa,396,394,395,390,393
162,19,000,23430,00000,00000,0,A,Earlville city,Iowa,719,717,720,720,717
162,19,000,23475,00000,00000,0,A,Early city,Iowa,591,590,588,584,581
162,19,000,23790,00000,00000,0,A,East Peru city,Iowa,114,114,116,119,118
162,19,000,23970,00000,00000,0,A,Eddyville city,Iowa,971,968,965,958,958
162,19,000,24060,00000,00000,0,A,Edgewood city,Iowa,909,908,917,914,910
162,19,000,24375,00000,00000,0,A,Elberon city,Iowa,183,182,180,180,179
162,19,000,24420,00000,00000,0,A,Eldon city,Iowa,787,785,782,777,777
162,19,000,24465,00000,00000,0,A,Eldora city,Iowa,2660,2651,2632,2615,2589
162,19,000,24600,00000,00000,0,A,Eldridge city,Iowa,6721,6727,6748,6754,6846
162,19,000,24645,00000,00000,0,A,Elgin city,Iowa,688,686,680,678,674
162,19,000,24690,00000,00000,0,A,Elkader city,Iowa,1214,1213,1209,1206,1197
162,19,000,24735,00000,00000,0,A,Elkhart city,Iowa,882,892,929,999,1041
162,19,000,24780,00000,00000,0,A,Elk Horn city,Iowa,601,601,618,626,631
162,19,000,24825,00000,00000,0,A,Elkport city,Iowa,28,28,28,28,28
162,19,000,24870,00000,00000,0,A,Elk Run Heights city,Iowa,1069,1067,1064,1056,1055
162,19,000,24915,00000,00000,0,A,Elliott city,Iowa,339,339,338,333,331
162,19,000,25005,00000,00000,0,A,Ellston city,Iowa,21,21,21,21,21
162,19,000,25050,00000,00000,0,A,Ellsworth city,Iowa,507,506,501,495,492
162,19,000,25095,00000,00000,0,A,Elma city,Iowa,505,506,506,493,490
162,19,000,25365,00000,00000,0,A,Ely city,Iowa,2325,2333,2348,2337,2335
162,19,000,25500,00000,00000,0,A,Emerson city,Iowa,398,396,397,396,399
162,19,000,25590,00000,00000,0,A,Emmetsburg city,Iowa,3698,3696,3670,3629,3623
162,19,000,25725,00000,00000,0,A,Epworth city,Iowa,2014,2020,2023,2017,2024
162,19,000,25815,00000,00000,0,A,Essex city,Iowa,725,724,728,728,717
162,19,000,25860,00000,00000,0,A,Estherville city,Iowa,5900,5869,5856,5814,5823
162,19,000,25995,00000,00000,0,A,Evansdale city,Iowa,4562,4557,4519,4492,4490
162,19,000,26175,00000,00000,0,A,Everly city,Iowa,576,573,574,575,572
162,19,000,26265,00000,00000,0,A,Exira city,Iowa,789,790,783,775,763
162,19,000,26310,00000,00000,0,A,Exline city,Iowa,161,161,160,158,158
162,19,000,26355,00000,00000,0,A,Fairbank city,Iowa,1108,1108,1114,1119,1128
162,19,000,26400,00000,00000,0,A,Fairfax city,Iowa,2836,2853,2860,2894,2904
162,19,000,26445,00000,00000,0,A,Fairfield city,Iowa,9423,9449,9510,9427,9300
162,19,000,26760,00000,00000,0,A,Farley city,Iowa,1769,1767,1747,1722,1722
162,19,000,26850,00000,00000,0,A,Farmersburg city,Iowa,272,272,272,269,266
162,19,000,26895,00000,00000,0,A,Farmington city,Iowa,583,584,587,587,589
162,19,000,26940,00000,00000,0,A,Farnhamville city,Iowa,381,380,378,369,370
162,19,000,26985,00000,00000,0,A,Farragut city,Iowa,489,486,486,477,478
162,19,000,27165,00000,00000,0,A,Fayette city,Iowa,1256,1253,1244,1244,1240
162,19,000,27210,00000,00000,0,A,Fenton city,Iowa,268,267,259,256,253
162,19,000,27255,00000,00000,0,A,Ferguson city,Iowa,98,98,97,98,98
162,19,000,27390,00000,00000,0,A,Fertile city,Iowa,306,306,302,299,299
162,19,000,27975,00000,00000,0,A,Floris city,Iowa,115,115,115,114,114
162,19,000,28020,00000,00000,0,A,Floyd city,Iowa,312,311,309,306,305
162,19,000,28245,00000,00000,0,A,Fonda city,Iowa,637,636,633,643,633
162,19,000,28290,00000,00000,0,A,Fontanelle city,Iowa,683,683,685,676,670
162,19,000,28380,00000,00000,0,A,Forest City city,Iowa,4275,4266,4266,4276,4272
162,19,000,28425,00000,00000,0,A,Fort Atkinson city,Iowa,311,310,306,304,301
162,19,000,28515,00000,00000,0,A,Fort Dodge city,Iowa,24870,24864,25031,24667,24591
162,19,000,28605,00000,00000,0,A,Fort Madison city,Iowa,10330,10324,10249,10140,10053
162,19,000,28650,00000,00000,0,A,Fostoria city,Iowa,232,231,232,233,230
162,19,000,28740,00000,00000,0,A,Franklin city,Iowa,128,128,127,126,127
162,19,000,28920,00000,00000,0,A,Fraser city,Iowa,102,102,102,103,102
162,19,000,28965,00000,00000,0,A,Fredericksburg city,Iowa,988,986,986,983,976
162,19,000,29010,00000,00000,0,A,Frederika city,Iowa,204,204,206,206,206
162,19,000,29055,00000,00000,0,A,Fredonia city,Iowa,219,219,216,213,211
162,19,000,29190,00000,00000,0,A,Fremont city,Iowa,698,697,689,688,685
162,19,000,29280,00000,00000,0,A,Fruitland city,Iowa,962,959,948,934,930
162,19,000,29550,00000,00000,0,A,Galt city,Iowa,23,23,23,23,22
162,19,000,29595,00000,00000,0,A,Galva city,Iowa,433,434,429,422,417
162,19,000,29685,00000,00000,0,A,Garber city,Iowa,80,80,80,80,79
162,19,000,29775,00000,00000,0,A,Garden Grove city,Iowa,173,172,174,174,174
162,19,000,29910,00000,00000,0,A,Garnavillo city,Iowa,757,756,760,757,751
162,19,000,29955,00000,00000,0,A,Garner city,Iowa,3061,3055,3056,3052,3035
162,19,000,30000,00000,00000,0,A,Garrison city,Iowa,345,344,347,346,344
162,19,000,30045,00000,00000,0,A,Garwin city,Iowa,484,483,477,477,472
162,19,000,30135,00000,00000,0,A,Geneva city,Iowa,136,136,135,135,135
162,19,000,30225,00000,00000,0,A,George city,Iowa,1083,1081,1086,1095,1103
162,19,000,30540,00000,00000,0,A,Gibson city,Iowa,59,59,58,58,58
162,19,000,30630,00000,00000,0,A,Gilbert city,Iowa,1209,1207,1234,1258,1331
162,19,000,30675,00000,00000,0,A,Gilbertville city,Iowa,790,788,787,785,791
162,19,000,30810,00000,00000,0,A,Gillett Grove city,Iowa,32,32,32,32,32
162,19,000,30900,00000,00000,0,A,Gilman city,Iowa,544,544,539,531,532
162,19,000,30945,00000,00000,0,A,Gilmore City city,Iowa,484,484,483,482,478
162,19,000,31035,00000,00000,0,A,Gladbrook city,Iowa,801,799,789,788,781
162,19,000,31350,00000,00000,0,A,Glenwood city,Iowa,5073,5047,5075,5130,5175
162,19,000,31395,00000,00000,0,A,Glidden city,Iowa,1154,1152,1159,1154,1150
162,19,000,31530,00000,00000,0,A,Goldfield city,Iowa,634,632,625,618,614
162,19,000,31575,00000,00000,0,A,Goodell city,Iowa,142,142,140,140,140
162,19,000,31665,00000,00000,0,A,Goose Lake city,Iowa,249,249,249,250,251
162,19,000,31710,00000,00000,0,A,Gowrie city,Iowa,955,955,953,944,935
162,19,000,31800,00000,00000,0,A,Graettinger city,Iowa,832,831,825,811,813
162,19,000,31845,00000,00000,0,A,Graf city,Iowa,74,74,73,75,75
162,19,000,31890,00000,00000,0,A,Grafton city,Iowa,217,217,215,212,212
162,19,000,31980,00000,00000,0,A,Grand Junction city,Iowa,725,723,718,716,708
162,19,000,32025,00000,00000,0,A,Grand Mound city,Iowa,619,618,616,614,610
162,19,000,32070,00000,00000,0,A,Grand River city,Iowa,198,197,199,200,197
162,19,000,32115,00000,00000,0,A,Grandview city,Iowa,443,442,439,434,429
162,19,000,32160,00000,00000,0,A,Granger city,Iowa,1698,1724,1889,2001,2038
162,19,000,32295,00000,00000,0,A,Grant city,Iowa,86,86,86,85,84
162,19,000,32475,00000,00000,0,A,Granville city,Iowa,311,311,309,305,303
162,19,000,32520,00000,00000,0,A,Gravity city,Iowa,154,153,153,153,155
162,19,000,32565,00000,00000,0,A,Gray city,Iowa,61,61,61,62,61
162,19,000,32610,00000,00000,0,A,Greeley city,Iowa,217,216,217,216,216
162,19,000,32745,00000,00000,0,A,Greene city,Iowa,994,993,992,982,977
162,19,000,32790,00000,00000,0,A,Greenfield city,Iowa,2061,2059,2067,2048,2033
162,19,000,32970,00000,00000,0,A,Greenville city,Iowa,68,68,68,68,68
162,19,000,33060,00000,00000,0,A,Grimes city,Iowa,15395,15601,15991,16295,16362
162,19,000,33105,00000,00000,0,A,Grinnell city,Iowa,9553,9538,9555,9521,9473
162,19,000,33150,00000,00000,0,A,Griswold city,Iowa,994,993,989,992,991
162,19,000,33195,00000,00000,0,A,Grundy Center city,Iowa,2802,2805,2811,2803,2806
162,19,000,33240,00000,00000,0,A,Gruver city,Iowa,64,64,63,62,62
162,19,000,33285,00000,00000,0,A,Guernsey city,Iowa,63,63,63,62,61
162,19,000,33420,00000,00000,0,A,Guthrie Center city,Iowa,1588,1583,1572,1578,1579
162,19,000,33465,00000,00000,0,A,Guttenberg city,Iowa,1816,1814,1819,1818,1808
162,19,000,33645,00000,00000,0,A,Halbur city,Iowa,274,273,273,269,268
162,19,000,33780,00000,00000,0,A,Hamburg city,Iowa,893,888,886,873,868
162,19,000,33870,00000,00000,0,A,Hamilton city,Iowa,125,125,125,127,127
162,19,000,33960,00000,00000,0,A,Hampton city,Iowa,4338,4329,4309,4306,4272
162,19,000,34005,00000,00000,0,A,Hancock city,Iowa,199,199,197,198,198
162,19,000,34185,00000,00000,0,A,Hanlontown city,Iowa,208,208,206,204,202
162,19,000,34365,00000,00000,0,A,Hansell city,Iowa,83,83,83,83,82
162,19,000,34410,00000,00000,0,A,Harcourt city,Iowa,264,264,263,257,255
162,19,000,34455,00000,00000,0,A,Hardy city,Iowa,54,54,54,54,53
162,19,000,34500,00000,00000,0,A,Harlan city,Iowa,4896,4898,4904,4861,4891
162,19,000,34545,00000,00000,0,A,Harper city,Iowa,117,117,116,116,116
162,19,000,34590,00000,00000,0,A,Harpers Ferry city,Iowa,260,261,262,265,270
162,19,000,34635,00000,00000,0,A,Harris city,Iowa,151,151,151,148,144
162,19,000,34680,00000,00000,0,A,Hartford city,Iowa,733,733,730,727,725
162,19,000,34725,00000,00000,0,A,Hartley city,Iowa,1606,1600,1581,1578,1570
162,19,000,34770,00000,00000,0,A,Hartwick city,Iowa,92,92,91,90,90
162,19,000,34860,00000,00000,0,A,Harvey city,Iowa,236,236,237,237,239
162,19,000,34995,00000,00000,0,A,Hastings city,Iowa,156,155,156,156,157
162,19,000,35130,00000,00000,0,A,Havelock city,Iowa,128,128,128,128,125
162,19,000,35220,00000,00000,0,A,Haverhill city,Iowa,166,166,164,163,163
162,19,000,35265,00000,00000,0,A,Hawarden city,Iowa,2699,2697,2680,2664,2644
162,19,000,35310,00000,00000,0,A,Hawkeye city,Iowa,438,437,431,431,429
162,19,000,35445,00000,00000,0,A,Hayesville city,Iowa,44,44,44,43,44
162,19,000,35580,00000,00000,0,A,Hazleton city,Iowa,710,711,713,712,710
162,19,000,35670,00000,00000,0,A,Hedrick city,Iowa,732,731,722,721,722
162,19,000,35715,00000,00000,0,A,Henderson city,Iowa,141,140,141,141,140
162,19,000,35940,00000,00000,0,A,Hiawatha city,Iowa,7184,7186,7156,7155,7219
162,19,000,36345,00000,00000,0,A,Hills city,Iowa,860,866,897,916,910
162,19,000,36390,00000,00000,0,A,Hillsboro city,Iowa,161,161,160,159,157
162,19,000,36480,00000,00000,0,A,Hinton city,Iowa,934,934,945,952,955
162,19,000,36705,00000,00000,0,A,Holland city,Iowa,269,269,269,268,266
162,19,000,36840,00000,00000,0,A,Holstein city,Iowa,1499,1504,1497,1486,1475
162,19,000,36885,00000,00000,0,A,Holy Cross city,Iowa,360,360,356,350,348
162,19,000,37155,00000,00000,0,A,Hopkinton city,Iowa,621,622,626,624,624
162,19,000,37200,00000,00000,0,A,Hornick city,Iowa,256,255,252,251,251
162,19,000,37290,00000,00000,0,A,Hospers city,Iowa,720,719,714,711,706
162,19,000,37335,00000,00000,0,A,Houghton city,Iowa,139,139,138,137,136
162,19,000,37425,00000,00000,0,A,Hubbard city,Iowa,861,859,850,845,837
162,19,000,37470,00000,00000,0,A,Hudson city,Iowa,2543,2543,2609,2626,2772
162,19,000,37515,00000,00000,0,A,Hull city,Iowa,2378,2378,2415,2419,2432
162,19,000,37560,00000,00000,0,A,Humboldt city,Iowa,4788,4788,4807,4726,4723
162,19,000,37605,00000,00000,0,A,Humeston city,Iowa,465,466,468,465,470
162,19,000,37920,00000,00000,0,A,Huxley city,Iowa,4250,4313,4479,4553,4634
162,19,000,38010,00000,00000,0,A,Ida Grove city,Iowa,2053,2058,2038,2016,1990
162,19,000,38055,00000,00000,0,A,Imogene city,Iowa,39,39,39,38,38
162,19,000,38100,00000,00000,0,A,Independence city,Iowa,6064,6089,6168,6175,6188
162,19,000,38280,00000,00000,0,A,Indianola city,Iowa,15834,15861,15942,16047,16043
162,19,000,38415,00000,00000,0,A,Inwood city,Iowa,928,927,935,945,957
162,19,000,38460,00000,00000,0,A,Ionia city,Iowa,228,228,225,221,219
162,19,000,38595,00000,00000,0,A,Iowa City city,Iowa,74825,74916,75191,75835,75678
162,19,000,38640,00000,00000,0,A,Iowa Falls city,Iowa,5103,5087,5042,5045,5002
162,19,000,38820,00000,00000,0,A,Ireton city,Iowa,588,587,583,585,578
162,19,000,39000,00000,00000,0,A,Irwin city,Iowa,323,322,320,318,320
162,19,000,39135,00000,00000,0,A,Jackson Junction city,Iowa,37,37,37,40,39
162,19,000,39225,00000,00000,0,A,Jamaica city,Iowa,194,194,194,195,196
162,19,000,39405,00000,00000,0,A,Janesville city,Iowa,1040,1041,1046,1052,1051
162,19,000,39450,00000,00000,0,A,Jefferson city,Iowa,4182,4180,4163,4157,4100
162,19,000,39585,00000,00000,0,A,Jesup city,Iowa,2510,2513,2526,2521,2537
162,19,000,39675,00000,00000,0,A,Jewell Junction city,Iowa,1211,1208,1195,1185,1183
162,19,000,39765,00000,00000,0,A,Johnston city,Iowa,24058,24111,24248,24383,24640
162,19,000,39855,00000,00000,0,A,Joice city,Iowa,210,210,208,204,204
162,19,000,39900,00000,00000,0,A,Jolley city,Iowa,29,29,29,29,29
162,19,000,40170,00000,00000,0,A,Kalona city,Iowa,2635,2638,2669,2707,2739
162,19,000,40215,00000,00000,0,A,Kamrar city,Iowa,182,181,180,179,176
162,19,000,40260,00000,00000,0,A,Kanawha city,Iowa,654,652,644,643,639
162,19,000,40350,00000,00000,0,A,Kellerton city,Iowa,240,239,238,242,239
162,19,000,40395,00000,00000,0,A,Kelley city,Iowa,305,305,313,311,308
162,19,000,40440,00000,00000,0,A,Kellogg city,Iowa,602,601,597,596,596
162,19,000,40665,00000,00000,0,A,Kensett city,Iowa,258,258,256,256,255
162,19,000,40845,00000,00000,0,A,Keokuk city,Iowa,9901,9885,9776,9595,9513
162,19,000,40890,00000,00000,0,A,Keomah Village city,Iowa,111,111,110,109,109
162,19,000,40935,00000,00000,0,A,Keosauqua city,Iowa,933,935,940,943,945
162,19,000,40980,00000,00000,0,A,Keota city,Iowa,896,894,886,887,893
162,19,000,41070,00000,00000,0,A,Keswick city,Iowa,242,241,239,239,238
162,19,000,41115,00000,00000,0,A,Keystone city,Iowa,603,602,608,605,621
162,19,000,41295,00000,00000,0,A,Kimballton city,Iowa,291,291,289,284,282
162,19,000,41385,00000,00000,0,A,Kingsley city,Iowa,1404,1401,1398,1396,1391
162,19,000,41475,00000,00000,0,A,Kinross city,Iowa,78,78,77,77,77
162,19,000,41520,00000,00000,0,A,Kirkman city,Iowa,58,58,58,57,60
162,19,000,41565,00000,00000,0,A,Kirkville city,Iowa,156,156,155,157,157
162,19,000,41610,00000,00000,0,A,Kiron city,Iowa,268,267,263,260,257
162,19,000,41655,00000,00000,0,A,Klemme city,Iowa,440,438,433,432,430
162,19,000,41790,00000,00000,0,A,Knierim city,Iowa,54,54,54,52,53
162,19,000,42015,00000,00000,0,A,Knoxville city,Iowa,7584,7570,7471,7437,7432
162,19,000,42285,00000,00000,0,A,Lacona city,Iowa,343,343,341,336,334
162,19,000,42330,00000,00000,0,A,Ladora city,Iowa,229,229,227,226,224
162,19,000,42465,00000,00000,0,A,Lake City city,Iowa,1728,1720,1716,1667,1670
162,19,000,42555,00000,00000,0,A,Lake Mills city,Iowa,2142,2138,2138,2131,2115
162,19,000,42600,00000,00000,0,A,Lake Park city,Iowa,1169,1172,1174,1178,1158
162,19,000,42645,00000,00000,0,A,Lakeside city,Iowa,702,701,704,692,686
162,19,000,42690,00000,00000,0,A,Lake View city,Iowa,1124,1123,1123,1123,1138
162,19,000,42825,00000,00000,0,A,Lakota city,Iowa,268,267,262,262,261
162,19,000,42870,00000,00000,0,A,Lambs Grove city,Iowa,170,170,169,169,169
162,19,000,42960,00000,00000,0,A,Lamoni city,Iowa,1964,1957,1967,1979,1974
162,19,000,43005,00000,00000,0,A,Lamont city,Iowa,431,432,432,433,432
162,19,000,43050,00000,00000,0,A,La Motte city,Iowa,239,238,237,236,233
162,19,000,43140,00000,00000,0,A,Lanesboro city,Iowa,118,118,118,116,114
162,19,000,43275,00000,00000,0,A,Lansing city,Iowa,961,962,956,956,954
162,19,000,43365,00000,00000,0,A,La Porte City city,Iowa,2288,2283,2265,2260,2259
162,19,000,43410,00000,00000,0,A,Larchwood city,Iowa,927,926,934,939,950
162,19,000,43500,00000,00000,0,A,Larrabee city,Iowa,123,123,122,121,123
162,19,000,43590,00000,00000,0,A,Latimer city,Iowa,478,477,473,474,471
162,19,000,43680,00000,00000,0,A,Laurel city,Iowa,219,219,219,219,219
162,19,000,43725,00000,00000,0,A,Laurens city,Iowa,1265,1262,1259,1263,1249
162,19,000,43815,00000,00000,0,A,Lawler city,Iowa,407,408,403,397,394
162,19,000,43905,00000,00000,0,A,Lawton city,Iowa,946,944,934,929,938
162,19,000,44085,00000,00000,0,A,Le Claire city,Iowa,4714,4712,4713,4726,4744
162,19,000,44130,00000,00000,0,A,Ledyard city,Iowa,122,122,119,119,119
162,19,000,44220,00000,00000,0,A,Le Grand city,Iowa,907,909,900,896,894
162,19,000,44265,00000,00000,0,A,Lehigh city,Iowa,399,399,398,394,391
162,19,000,44310,00000,00000,0,A,Leighton city,Iowa,155,155,153,153,150
162,19,000,44355,00000,00000,0,A,Leland city,Iowa,250,250,250,249,245
162,19,000,44400,00000,00000,0,A,Le Mars city,Iowa,10578,10601,10624,10623,10618
162,19,000,44490,00000,00000,0,A,Lenox city,Iowa,1348,1341,1349,1357,1372
162,19,000,44535,00000,00000,0,A,Leon city,Iowa,1819,1811,1824,1827,1817
162,19,000,44580,00000,00000,0,A,Le Roy city,Iowa,12,12,12,12,12
162,19,000,44670,00000,00000,0,A,Lester city,Iowa,296,296,300,304,309
162,19,000,44715,00000,00000,0,A,Letts city,Iowa,362,361,360,358,354
162,19,000,44805,00000,00000,0,A,Lewis city,Iowa,359,359,360,361,362
162,19,000,44985,00000,00000,0,A,Libertyville city,Iowa,277,277,278,275,271
162,19,000,45030,00000,00000,0,A,Lidderdale city,Iowa,166,166,165,163,163
162,19,000,45165,00000,00000,0,A,Lime Springs city,Iowa,475,476,474,475,467
162,19,000,45255,00000,00000,0,A,Lincoln city,Iowa,122,122,120,120,119
162,19,000,45390,00000,00000,0,A,Linden city,Iowa,200,200,202,204,203
162,19,000,45435,00000,00000,0,A,Lineville city,Iowa,192,192,193,192,192
162,19,000,45480,00000,00000,0,A,Linn Grove city,Iowa,162,162,161,156,154
162,19,000,45615,00000,00000,0,A,Lisbon city,Iowa,2232,2232,2220,2212,2208
162,19,000,45660,00000,00000,0,A,Liscomb city,Iowa,292,292,291,291,291
162,19,000,45795,00000,00000,0,A,Little Rock city,Iowa,439,438,441,442,444
162,19,000,45840,00000,00000,0,A,Little Sioux city,Iowa,167,167,168,169,170
162,19,000,45975,00000,00000,0,A,Livermore city,Iowa,381,381,382,377,375
162,19,000,46065,00000,00000,0,A,Lockridge city,Iowa,243,243,246,244,240
162,19,000,46155,00000,00000,0,A,Logan city,Iowa,1388,1386,1391,1367,1354
162,19,000,46245,00000,00000,0,A,Lohrville city,Iowa,379,378,376,367,370
162,19,000,46290,00000,00000,0,A,Lone Rock city,Iowa,147,147,144,143,143
162,19,000,46335,00000,00000,0,A,Lone Tree city,Iowa,1353,1350,1354,1343,1336
162,19,000,46425,00000,00000,0,A,Long Grove city,Iowa,840,838,841,841,844
162,19,000,46515,00000,00000,0,A,Lorimor city,Iowa,385,385,383,376,376
162,19,000,46605,00000,00000,0,A,Lost Nation city,Iowa,432,431,429,427,423
162,19,000,46830,00000,00000,0,A,Lovilia city,Iowa,470,471,469,465,460
162,19,000,46920,00000,00000,0,A,Lowden city,Iowa,801,800,794,787,778
162,19,000,47010,00000,00000,0,A,Low Moor city,Iowa,246,246,246,242,241
162,19,000,47055,00000,00000,0,A,Luana city,Iowa,301,301,301,307,304
162,19,000,47100,00000,00000,0,A,Lucas city,Iowa,173,172,175,175,174
162,19,000,47280,00000,00000,0,A,Luther city,Iowa,148,148,148,146,145
162,19,000,47370,00000,00000,0,A,Lu Verne city,Iowa,254,254,249,248,248
162,19,000,47460,00000,00000,0,A,Luxemburg city,Iowa,242,242,241,238,238
162,19,000,47505,00000,00000,0,A,Luzerne city,Iowa,111,111,111,111,111
162,19,000,47595,00000,00000,0,A,Lynnville city,Iowa,381,381,381,381,383
162,19,000,47730,00000,00000,0,A,Lytton city,Iowa,280,280,279,274,274
162,19,000,47775,00000,00000,0,A,McCallsburg city,Iowa,351,351,355,354,354
162,19,000,47820,00000,00000,0,A,McCausland city,Iowa,311,310,311,311,311
162,19,000,47865,00000,00000,0,A,McClelland city,Iowa,147,147,146,145,145
162,19,000,47955,00000,00000,0,A,Macedonia city,Iowa,267,267,265,263,263
162,19,000,48000,00000,00000,0,A,McGregor city,Iowa,736,735,736,733,725
162,19,000,48045,00000,00000,0,A,McIntire city,Iowa,113,113,114,115,116
162,19,000,48180,00000,00000,0,A,Macksburg city,Iowa,97,97,98,101,101
162,19,000,48450,00000,00000,0,A,Madrid city,Iowa,2804,2801,2821,2810,2799
162,19,000,48495,00000,00000,0,A,Magnolia city,Iowa,187,187,190,190,188
162,19,000,48500,00000,00000,0,A,Maharishi Vedic City city,Iowa,272,272,273,301,296
162,19,000,48540,00000,00000,0,A,Malcom city,Iowa,268,267,266,263,261
162,19,000,48585,00000,00000,0,A,Mallard city,Iowa,263,263,261,255,255
162,19,000,48675,00000,00000,0,A,Maloy city,Iowa,26,26,26,26,26
162,19,000,48720,00000,00000,0,A,Malvern city,Iowa,1040,1034,1037,1039,1051
162,19,000,48810,00000,00000,0,A,Manchester city,Iowa,5074,5074,5128,5201,5239
162,19,000,48855,00000,00000,0,A,Manilla city,Iowa,773,769,758,750,742
162,19,000,48900,00000,00000,0,A,Manly city,Iowa,1259,1256,1245,1234,1231
162,19,000,48945,00000,00000,0,A,Manning city,Iowa,1454,1451,1453,1420,1416
162,19,000,48990,00000,00000,0,A,Manson city,Iowa,1708,1702,1693,1665,1656
162,19,000,49170,00000,00000,0,A,Mapleton city,Iowa,1163,1161,1144,1129,1124
162,19,000,49215,00000,00000,0,A,Maquoketa city,Iowa,6130,6119,6097,6066,6051
162,19,000,49260,00000,00000,0,A,Marathon city,Iowa,232,232,231,224,221
162,19,000,49305,00000,00000,0,A,Marble Rock city,Iowa,268,268,265,262,262
162,19,000,49350,00000,00000,0,A,Marcus city,Iowa,1074,1074,1063,1052,1060
162,19,000,49395,00000,00000,0,A,Marengo city,Iowa,2438,2438,2429,2420,2404
162,19,000,49485,00000,00000,0,A,Marion city,Iowa,41536,41599,41745,41815,42213
162,19,000,49575,00000,00000,0,A,Marne city,Iowa,109,109,109,109,111
162,19,000,49620,00000,00000,0,A,Marquette city,Iowa,429,428,428,432,432
162,19,000,49755,00000,00000,0,A,Marshalltown city,Iowa,27584,27569,27446,27396,27574
162,19,000,49845,00000,00000,0,A,Martelle city,Iowa,249,249,251,249,247
162,19,000,49890,00000,00000,0,A,Martensdale city,Iowa,420,422,417,414,411
162,19,000,49935,00000,00000,0,A,Martinsburg city,Iowa,110,110,109,109,109
162,19,000,50070,00000,00000,0,A,Marysville city,Iowa,46,46,45,47,47
162,19,000,50160,00000,00000,0,A,Mason City city,Iowa,27340,27269,27165,26911,26906
162,19,000,50205,00000,00000,0,A,Masonville city,Iowa,99,99,99,99,99
162,19,000,50250,00000,00000,0,A,Massena city,Iowa,356,356,355,355,355
162,19,000,50385,00000,00000,0,A,Matlock city,Iowa,76,76,75,77,77
162,19,000,50430,00000,00000,0,A,Maurice city,Iowa,268,268,268,267,272
162,19,000,50520,00000,00000,0,A,Maxwell city,Iowa,858,859,864,855,854
162,19,000,50610,00000,00000,0,A,Maynard city,Iowa,475,473,469,470,468
162,19,000,50655,00000,00000,0,A,Maysville city,Iowa,157,157,155,155,154
162,19,000,50700,00000,00000,0,A,Mechanicsville city,Iowa,1019,1018,1011,998,992
162,19,000,50790,00000,00000,0,A,Mediapolis city,Iowa,1690,1686,1671,1646,1664
162,19,000,50880,00000,00000,0,A,Melbourne city,Iowa,788,788,778,770,768
162,19,000,50935,00000,00000,0,A,Melcher-Dallas city,Iowa,1198,1196,1180,1181,1184
162,19,000,50970,00000,00000,0,A,Melrose city,Iowa,111,112,111,110,111
162,19,000,51060,00000,00000,0,A,Melvin city,Iowa,202,202,202,199,196
162,19,000,51105,00000,00000,0,A,Menlo city,Iowa,344,343,341,340,343
162,19,000,51150,00000,00000,0,A,Meriden city,Iowa,163,163,161,161,162
162,19,000,51375,00000,00000,0,A,Merrill city,Iowa,719,717,716,714,710
162,19,000,51420,00000,00000,0,A,Meservey city,Iowa,220,219,216,214,212
162,19,000,51735,00000,00000,0,A,Middletown city,Iowa,364,363,362,362,364
162,19,000,52050,00000,00000,0,A,Miles city,Iowa,410,409,405,403,402
162,19,000,52095,00000,00000,0,A,Milford city,Iowa,3324,3335,3353,3356,3309
162,19,000,52230,00000,00000,0,A,Millersburg city,Iowa,136,136,137,136,137
162,19,000,52275,00000,00000,0,A,Millerton city,Iowa,43,43,43,43,43
162,19,000,52455,00000,00000,0,A,Milo city,Iowa,777,777,771,768,761
162,19,000,52500,00000,00000,0,A,Milton city,Iowa,391,392,396,396,397
162,19,000,52545,00000,00000,0,A,Minburn city,Iowa,325,326,325,321,317
162,19,000,52590,00000,00000,0,A,Minden city,Iowa,602,602,598,592,591
162,19,000,52815,00000,00000,0,A,Mingo city,Iowa,303,303,306,308,313
162,19,000,52860,00000,00000,0,A,Missouri Valley city,Iowa,2683,2677,2690,2678,2656
162,19,000,52905,00000,00000,0,A,Mitchell city,Iowa,123,123,121,119,118
162,19,000,52950,00000,00000,0,A,Mitchellville city,Iowa,2483,2485,2507,2536,2617
162,19,000,52995,00000,00000,0,A,Modale city,Iowa,275,274,280,282,280
162,19,000,53175,00000,00000,0,A,Mondamin city,Iowa,338,337,339,339,337
162,19,000,53265,00000,00000,0,A,Monmouth city,Iowa,129,129,128,127,129
162,19,000,53310,00000,00000,0,A,Monona city,Iowa,1473,1471,1469,1467,1465
162,19,000,53355,00000,00000,0,A,Monroe city,Iowa,1965,1968,2003,2011,2010
162,19,000,53490,00000,00000,0,A,Montezuma city,Iowa,1447,1444,1445,1440,1432
162,19,000,53625,00000,00000,0,A,Monticello city,Iowa,4043,4046,4075,4078,4056
162,19,000,53670,00000,00000,0,A,Montour city,Iowa,202,201,201,199,198
162,19,000,53760,00000,00000,0,A,Montrose city,Iowa,745,745,740,732,727
162,19,000,53850,00000,00000,0,A,Moorhead city,Iowa,197,197,193,189,189
162,19,000,53895,00000,00000,0,A,Moorland city,Iowa,170,170,174,171,167
162,19,000,53985,00000,00000,0,A,Moravia city,Iowa,639,637,638,627,626
162,19,000,54030,00000,00000,0,A,Morley city,Iowa,94,94,95,95,94
162,19,000,54120,00000,00000,0,A,Morning Sun city,Iowa,748,746,738,726,693
162,19,000,54165,00000,00000,0,A,Morrison city,Iowa,95,95,95,95,97
162,19,000,54390,00000,00000,0,A,Moulton city,Iowa,609,608,608,600,599
162,19,000,54435,00000,00000,0,A,Mount Auburn city,Iowa,163,163,164,163,163
162,19,000,54480,00000,00000,0,A,Mount Ayr city,Iowa,1626,1619,1619,1637,1626
162,19,000,54705,00000,00000,0,A,Mount Pleasant city,Iowa,9273,9255,9211,9178,8581
162,19,000,54840,00000,00000,0,A,Mount Vernon city,Iowa,4536,4542,4517,4557,4552
162,19,000,54930,00000,00000,0,A,Moville city,Iowa,1688,1692,1670,1670,1690
162,19,000,55065,00000,00000,0,A,Murray city,Iowa,682,677,663,641,624
162,19,000,55110,00000,00000,0,A,Muscatine city,Iowa,23799,23745,23480,23436,23341
162,19,000,55200,00000,00000,0,A,Mystic city,Iowa,326,325,326,322,321
162,19,000,55335,00000,00000,0,A,Nashua city,Iowa,1554,1549,1534,1510,1503
162,19,000,55515,00000,00000,0,A,Nemaha city,Iowa,67,67,67,66,66
162,19,000,55560,00000,00000,0,A,Neola city,Iowa,915,914,911,908,906
162,19,000,55695,00000,00000,0,A,Nevada city,Iowa,6926,6921,6989,6942,6967
162,19,000,55785,00000,00000,0,A,New Albin city,Iowa,434,434,429,427,431
162,19,000,55965,00000,00000,0,A,Newell city,Iowa,905,904,904,857,847
162,19,000,56055,00000,00000,0,A,Newhall city,Iowa,881,879,883,883,888
162,19,000,56100,00000,00000,0,A,New Hampton city,Iowa,3497,3491,3460,3424,3422
162,19,000,56145,00000,00000,0,A,New Hartford city,Iowa,571,571,570,562,556
162,19,000,56280,00000,00000,0,A,New Liberty city,Iowa,133,133,134,133,133
162,19,000,56325,00000,00000,0,A,New London city,Iowa,1913,1911,1907,1890,1870
162,19,000,56370,00000,00000,0,A,New Market city,Iowa,386,384,382,383,387
162,19,000,56415,00000,00000,0,A,New Providence city,Iowa,236,235,233,234,230
162,19,000,56460,00000,00000,0,A,New Sharon city,Iowa,1260,1258,1253,1252,1247
162,19,000,56505,00000,00000,0,A,Newton city,Iowa,15756,15748,15686,15734,15645
162,19,000,56550,00000,00000,0,A,New Vienna city,Iowa,384,383,379,376,380
162,19,000,56595,00000,00000,0,A,New Virginia city,Iowa,499,499,500,494,493
162,19,000,56685,00000,00000,0,A,Nichols city,Iowa,339,338,336,329,328
162,19,000,56865,00000,00000,0,A,Nodaway city,Iowa,77,77,75,75,73
162,19,000,56910,00000,00000,0,A,Nora Springs city,Iowa,1367,1364,1350,1345,1348
162,19,000,57045,00000,00000,0,A,Northboro city,Iowa,53,53,53,53,52
162,19,000,57135,00000,00000,0,A,North Buena Vista city,Iowa,106,106,107,108,108
162,19,000,57225,00000,00000,0,A,North English city,Iowa,1067,1066,1057,1043,1035
162,19,000,57360,00000,00000,0,A,North Liberty city,Iowa,20482,20500,20801,21324,21345
162,19,000,57495,00000,00000,0,A,North Washington city,Iowa,112,112,111,109,108
162,19,000,57630,00000,00000,0,A,Northwood city,Iowa,2072,2070,2061,2049,2048
162,19,000,57675,00000,00000,0,A,Norwalk city,Iowa,12800,12919,13580,14169,14873
162,19,000,57720,00000,00000,0,A,Norway city,Iowa,464,463,466,465,465
162,19,000,57945,00000,00000,0,A,Numa city,Iowa,71,71,71,70,70
162,19,000,58080,00000,00000,0,A,Oakland city,Iowa,1523,1522,1512,1513,1518
162,19,000,58170,00000,00000,0,A,Oakland Acres city,Iowa,175,175,177,176,177
162,19,000,58395,00000,00000,0,A,Oakville city,Iowa,199,199,196,194,192
162,19,000,58530,00000,00000,0,A,Ocheyedan city,Iowa,437,438,436,428,421
162,19,000,58575,00000,00000,0,A,Odebolt city,Iowa,997,995,992,983,985
162,19,000,58620,00000,00000,0,A,Oelwein city,Iowa,5928,5906,5849,5828,5791
162,19,000,58665,00000,00000,0,A,Ogden city,Iowa,2010,2008,2004,1975,1963
162,19,000,58710,00000,00000,0,A,Okoboji city,Iowa,764,766,764,755,737
162,19,000,58890,00000,00000,0,A,Olds city,Iowa,192,191,192,190,187
162,19,000,58980,00000,00000,0,A,Olin city,Iowa,656,656,659,658,655
162,19,000,59070,00000,00000,0,A,Ollie city,Iowa,200,200,198,198,198
162,19,000,59115,00000,00000,0,A,Onawa city,Iowa,2910,2906,2860,2824,2816
162,19,000,59250,00000,00000,0,A,Onslow city,Iowa,198,198,200,199,196
162,19,000,59475,00000,00000,0,A,Orange City city,Iowa,6271,6277,6275,6305,6397
162,19,000,59520,00000,00000,0,A,Orchard city,Iowa,66,66,67,66,67
162,19,000,59565,00000,00000,0,A,Orient city,Iowa,364,364,365,361,356
162,19,000,59655,00000,00000,0,A,Orleans city,Iowa,520,520,520,517,508
162,19,000,59745,00000,00000,0,A,Osage city,Iowa,3632,3635,3591,3558,3537
162,19,000,59835,00000,00000,0,A,Osceola city,Iowa,5412,5423,5515,5536,5568
162,19,000,59925,00000,00000,0,A,Oskaloosa city,Iowa,11547,11537,11468,11489,11448
162,19,000,59970,00000,00000,0,A,Ossian city,Iowa,804,803,793,786,783
162,19,000,60015,00000,00000,0,A,Osterdock city,Iowa,44,44,44,44,43
162,19,000,60105,00000,00000,0,A,Otho city,Iowa,425,425,424,416,411
162,19,000,60240,00000,00000,0,A,Oto city,Iowa,71,71,70,69,69
162,19,000,60420,00000,00000,0,A,Ottosen city,Iowa,41,41,41,41,41
162,19,000,60465,00000,00000,0,A,Ottumwa city,Iowa,25543,25455,25396,25214,25252
162,19,000,60555,00000,00000,0,A,Owasa city,Iowa,31,31,31,30,30
162,19,000,60645,00000,00000,0,A,Oxford city,Iowa,718,716,720,716,710
162,19,000,60690,00000,00000,0,A,Oxford Junction city,Iowa,427,427,429,428,424
162,19,000,60780,00000,00000,0,A,Oyens city,Iowa,95,95,95,94,94
162,19,000,60825,00000,00000,0,A,Pacific Junction city,Iowa,100,99,100,100,101
162,19,000,60915,00000,00000,0,A,Packwood city,Iowa,184,184,185,183,180
162,19,000,61050,00000,00000,0,A,Palmer city,Iowa,139,139,138,138,136
162,19,000,61230,00000,00000,0,A,Palo city,Iowa,1411,1409,1404,1414,1505
162,19,000,61275,00000,00000,0,A,Panama city,Iowa,238,237,237,235,237
162,19,000,61320,00000,00000,0,A,Panora city,Iowa,1088,1086,1076,1084,1083
162,19,000,61365,00000,00000,0,A,Panorama Park city,Iowa,141,141,140,141,141
162,19,000,61590,00000,00000,0,A,Parkersburg city,Iowa,2015,2014,2010,1999,1983
162,19,000,61770,00000,00000,0,A,Parnell city,Iowa,193,193,194,193,189
162,19,000,61815,00000,00000,0,A,Paton city,Iowa,221,221,221,221,218
162,19,000,61860,00000,00000,0,A,Patterson city,Iowa,175,175,175,177,175
162,19,000,61905,00000,00000,0,A,Paullina city,Iowa,979,976,967,969,968
162,19,000,62040,00000,00000,0,A,Pella city,Iowa,10459,10467,10639,10760,10820
162,19,000,62130,00000,00000,0,A,Peosta city,Iowa,1915,1930,1978,2062,2122
162,19,000,62355,00000,00000,0,A,Perry city,Iowa,7843,7872,7949,8017,7984
162,19,000,62445,00000,00000,0,A,Persia city,Iowa,297,296,298,296,293
162,19,000,62625,00000,00000,0,A,Peterson city,Iowa,321,319,321,320,319
162,19,000,62760,00000,00000,0,A,Pierson city,Iowa,340,339,335,331,331
162,19,000,62850,00000,00000,0,A,Pilot Mound city,Iowa,161,161,159,157,158
162,19,000,63075,00000,00000,0,A,Pisgah city,Iowa,242,242,245,247,245
162,19,000,63210,00000,00000,0,A,Plainfield city,Iowa,394,394,394,395,394
162,19,000,63345,00000,00000,0,A,Plano city,Iowa,59,59,59,58,58
162,19,000,63525,00000,00000,0,A,Pleasant Hill city,Iowa,10179,10192,10895,11201,11617
162,19,000,63570,00000,00000,0,A,Pleasanton city,Iowa,30,30,30,30,30
162,19,000,63615,00000,00000,0,A,Pleasant Plain city,Iowa,82,82,82,81,80
162,19,000,63750,00000,00000,0,A,Pleasantville city,Iowa,1683,1689,1683,1687,1690
162,19,000,63840,00000,00000,0,A,Plover city,Iowa,53,53,53,53,53
162,19,000,63885,00000,00000,0,A,Plymouth city,Iowa,382,381,376,370,369
162,19,000,63975,00000,00000,0,A,Pocahontas city,Iowa,1870,1868,1862,1868,1842
162,19,000,64020,00000,00000,0,A,Polk City city,Iowa,5552,5599,5771,6051,6303
162,19,000,64065,00000,00000,0,A,Pomeroy city,Iowa,530,528,525,516,520
162,19,000,64110,00000,00000,0,A,Popejoy city,Iowa,78,78,78,78,77
162,19,000,64200,00000,00000,0,A,Portsmouth city,Iowa,187,186,187,187,189
162,19,000,64290,00000,00000,0,A,Postville city,Iowa,2507,2503,2476,2459,2415
162,19,000,64425,00000,00000,0,A,Prairieburg city,Iowa,157,157,155,156,155
162,19,000,64470,00000,00000,0,A,Prairie City city,Iowa,1695,1696,1707,1710,1712
162,19,000,64560,00000,00000,0,A,Prescott city,Iowa,190,190,188,186,183
162,19,000,64605,00000,00000,0,A,Preston city,Iowa,949,947,942,940,938
162,19,000,64650,00000,00000,0,A,Primghar city,Iowa,904,902,896,902,884
162,19,000,64740,00000,00000,0,A,Princeton city,Iowa,925,925,919,916,916
162,19,000,64875,00000,00000,0,A,Promise City city,Iowa,90,90,91,90,91
162,19,000,65010,00000,00000,0,A,Protivin city,Iowa,264,265,265,263,260
162,19,000,65055,00000,00000,0,A,Pulaski city,Iowa,262,262,263,260,261
162,19,000,65235,00000,00000,0,A,Quasqueton city,Iowa,575,576,580,586,591
162,19,000,65280,00000,00000,0,A,Quimby city,Iowa,247,247,244,243,246
162,19,000,65370,00000,00000,0,A,Radcliffe city,Iowa,557,555,549,545,540
162,19,000,65415,00000,00000,0,A,Rake city,Iowa,186,186,186,185,182
162,19,000,65505,00000,00000,0,A,Ralston city,Iowa,79,79,79,78,77
162,19,000,65550,00000,00000,0,A,Randalia city,Iowa,51,51,50,50,50
162,19,000,65595,00000,00000,0,A,Randall city,Iowa,154,156,154,155,154
162,19,000,65640,00000,00000,0,A,Randolph city,Iowa,188,187,187,184,181
162,19,000,65730,00000,00000,0,A,Rathbun city,Iowa,40,40,40,39,39
162,19,000,65820,00000,00000,0,A,Raymond city,Iowa,760,758,751,747,748
162,19,000,65910,00000,00000,0,A,Readlyn city,Iowa,849,850,854,858,860
162,19,000,65955,00000,00000,0,A,Reasnor city,Iowa,155,155,157,156,156
162,19,000,66000,00000,00000,0,A,Redding city,Iowa,64,63,64,65,64
162,19,000,66045,00000,00000,0,A,Redfield city,Iowa,730,731,735,731,719
162,19,000,66135,00000,00000,0,A,Red Oak city,Iowa,5595,5595,5580,5506,5461
162,19,000,66315,00000,00000,0,A,Reinbeck city,Iowa,1667,1665,1662,1656,1665
162,19,000,66360,00000,00000,0,A,Rembrandt city,Iowa,211,211,210,205,201
162,19,000,66405,00000,00000,0,A,Remsen city,Iowa,1678,1674,1669,1677,1682
162,19,000,66450,00000,00000,0,A,Renwick city,Iowa,232,232,232,231,228
162,19,000,66540,00000,00000,0,A,Rhodes city,Iowa,271,271,270,270,270
162,19,000,66585,00000,00000,0,A,Riceville city,Iowa,806,809,803,812,804
162,19,000,66720,00000,00000,0,A,Richland city,Iowa,540,539,534,533,540
162,19,000,66810,00000,00000,0,A,Rickardsville city,Iowa,206,206,206,203,203
162,19,000,66855,00000,00000,0,A,Ricketts city,Iowa,109,109,107,106,105
162,19,000,67035,00000,00000,0,A,Ridgeway city,Iowa,276,276,270,268,265
162,19,000,67125,00000,00000,0,A,Rinard city,Iowa,36,36,36,35,35
162,19,000,67170,00000,00000,0,A,Ringsted city,Iowa,366,364,362,353,354
162,19,000,67215,00000,00000,0,A,Rippey city,Iowa,221,221,219,219,214
162,19,000,67350,00000,00000,0,A,Riverdale city,Iowa,377,376,376,376,377
162,19,000,67440,00000,00000,0,A,Riverside city,Iowa,1062,1060,1055,1050,1046
162,19,000,67575,00000,00000,0,A,Riverton city,Iowa,248,247,249,244,241
162,19,000,67800,00000,00000,0,A,Robins city,Iowa,3363,3367,3343,3332,3312
162,19,000,68025,00000,00000,0,A,Rock Falls city,Iowa,149,149,147,145,145
162,19,000,68070,00000,00000,0,A,Rockford city,Iowa,763,762,752,744,741
162,19,000,68160,00000,00000,0,A,Rock Rapids city,Iowa,2610,2609,2640,2675,2706
162,19,000,68205,00000,00000,0,A,Rock Valley city,Iowa,4060,4067,4084,4073,4045
162,19,000,68250,00000,00000,0,A,Rockwell city,Iowa,1072,1069,1057,1050,1044
162,19,000,68295,00000,00000,0,A,Rockwell City city,Iowa,2261,2253,2246,2188,2195
162,19,000,68340,00000,00000,0,A,Rodman city,Iowa,30,30,30,29,29
162,19,000,68385,00000,00000,0,A,Rodney city,Iowa,45,45,44,44,43
162,19,000,68475,00000,00000,0,A,Roland city,Iowa,1361,1359,1368,1356,1354
162,19,000,68520,00000,00000,0,A,Rolfe city,Iowa,511,511,508,511,503
162,19,000,68565,00000,00000,0,A,Rome city,Iowa,114,114,113,114,112
162,19,000,68700,00000,00000,0,A,Rose Hill city,Iowa,160,160,158,158,157
162,19,000,68925,00000,00000,0,A,Rossie city,Iowa,47,47,47,47,47
162,19,000,69015,00000,00000,0,A,Rowan city,Iowa,122,122,120,119,119
162,19,000,69060,00000,00000,0,A,Rowley city,Iowa,269,269,269,269,266
162,19,000,69105,00000,00000,0,A,Royal city,Iowa,382,380,380,381,380
162,19,000,69195,00000,00000,0,A,Rudd city,Iowa,358,357,352,349,348
162,19,000,69240,00000,00000,0,A,Runnells city,Iowa,456,455,453,449,451
162,19,000,69285,00000,00000,0,A,Russell city,Iowa,473,472,477,475,474
162,19,000,69330,00000,00000,0,A,Ruthven city,Iowa,728,728,722,708,712
162,19,000,69375,00000,00000,0,A,Rutland city,Iowa,117,117,117,116,116
162,19,000,69465,00000,00000,0,A,Ryan city,Iowa,348,347,350,347,346
162,19,000,69510,00000,00000,0,A,Sabula city,Iowa,502,501,499,494,493
162,19,000,69645,00000,00000,0,A,Sac City city,Iowa,2062,2056,2048,2024,2019
162,19,000,69690,00000,00000,0,A,Sageville city,Iowa,96,96,95,94,93
162,19,000,69735,00000,00000,0,A,St. Ansgar city,Iowa,1169,1170,1174,1174,1160
162,19,000,69780,00000,00000,0,A,St. Anthony city,Iowa,76,76,75,76,76
162,19,000,69915,00000,00000,0,A,St. Charles city,Iowa,642,646,648,650,643
162,19,000,69960,00000,00000,0,A,St. Donatus city,Iowa,121,121,120,120,119
162,19,000,70050,00000,00000,0,A,St. Lucas city,Iowa,168,167,166,165,167
162,19,000,70095,00000,00000,0,A,St. Marys city,Iowa,117,117,116,115,114
162,19,000,70140,00000,00000,0,A,St. Olaf city,Iowa,103,103,103,103,102
162,19,000,70185,00000,00000,0,A,St. Paul city,Iowa,108,108,107,106,105
162,19,000,70230,00000,00000,0,A,Salem city,Iowa,398,397,395,390,386
162,19,000,70320,00000,00000,0,A,Salix city,Iowa,301,300,298,299,299
162,19,000,70410,00000,00000,0,A,Sanborn city,Iowa,1393,1396,1403,1422,1444
162,19,000,70590,00000,00000,0,A,Sandyville city,Iowa,58,58,58,59,59
162,19,000,71040,00000,00000,0,A,Scarville city,Iowa,79,79,79,79,78
162,19,000,71085,00000,00000,0,A,Schaller city,Iowa,729,727,723,720,717
162,19,000,71130,00000,00000,0,A,Schleswig city,Iowa,832,830,815,808,803
162,19,000,71310,00000,00000,0,A,Scranton city,Iowa,508,507,503,501,492
162,19,000,71355,00000,00000,0,A,Searsboro city,Iowa,129,129,128,128,127
162,19,000,71625,00000,00000,0,A,Sergeant Bluff city,Iowa,5014,5009,5004,5247,5274
162,19,000,71760,00000,00000,0,A,Seymour city,Iowa,635,636,639,633,639
162,19,000,71895,00000,00000,0,A,Shambaugh city,Iowa,162,162,162,163,161
162,19,000,71940,00000,00000,0,A,Shannon City city,Iowa,73,73,72,72,72
162,19,000,72075,00000,00000,0,A,Sharpsburg city,Iowa,70,70,70,70,70
162,19,000,72210,00000,00000,0,A,Sheffield city,Iowa,1126,1124,1118,1116,1107
162,19,000,72300,00000,00000,0,A,Shelby city,Iowa,725,722,725,722,728
162,19,000,72345,00000,00000,0,A,Sheldahl city,Iowa,300,299,304,305,311
162,19,000,72390,00000,00000,0,A,Sheldon city,Iowa,5511,5500,5469,5484,5422
162,19,000,72435,00000,00000,0,A,Shell Rock city,Iowa,1267,1268,1280,1277,1272
162,19,000,72480,00000,00000,0,A,Shellsburg city,Iowa,962,962,976,982,989
162,19,000,72525,00000,00000,0,A,Shenandoah city,Iowa,4926,4919,4923,4889,4884
162,19,000,72660,00000,00000,0,A,Sherrill city,Iowa,183,183,181,178,176
162,19,000,72840,00000,00000,0,A,Shueyville city,Iowa,734,732,735,731,723
162,19,000,72975,00000,00000,0,A,Sibley city,Iowa,2854,2857,2845,2801,2761
162,19,000,73065,00000,00000,0,A,Sidney city,Iowa,1065,1060,1058,1042,1039
162,19,000,73110,00000,00000,0,A,Sigourney city,Iowa,2006,2000,1984,1980,1985
162,19,000,73155,00000,00000,0,A,Silver City city,Iowa,242,241,244,245,246
162,19,000,73290,00000,00000,0,A,Sioux Center city,Iowa,8238,8249,8319,8473,8543
162,19,000,73335,00000,00000,0,A,Sioux City city,Iowa,85784,85776,85784,85402,85727
162,19,000,73425,00000,00000,0,A,Sioux Rapids city,Iowa,748,747,745,727,718
162,19,000,73515,00000,00000,0,A,Slater city,Iowa,1541,1541,1568,1581,1600
162,19,000,73605,00000,00000,0,A,Sloan city,Iowa,1046,1049,1044,1047,1058
162,19,000,73650,00000,00000,0,A,Smithland city,Iowa,187,187,184,183,183
162,19,000,73785,00000,00000,0,A,Soldier city,Iowa,185,185,181,179,180
162,19,000,73875,00000,00000,0,A,Solon city,Iowa,3026,3039,3096,3134,3182
162,19,000,73920,00000,00000,0,A,Somers city,Iowa,128,127,127,125,123
162,19,000,74055,00000,00000,0,A,South English city,Iowa,203,203,201,199,199
162,19,000,74280,00000,00000,0,A,Spencer city,Iowa,11322,11303,11399,11442,11451
162,19,000,74370,00000,00000,0,A,Spillville city,Iowa,386,385,380,375,372
162,19,000,74415,00000,00000,0,A,Spirit Lake city,Iowa,5440,5462,5488,5527,5533
162,19,000,74460,00000,00000,0,A,Spragueville city,Iowa,91,91,90,90,90
162,19,000,74505,00000,00000,0,A,Springbrook city,Iowa,143,143,146,146,145
162,19,000,74685,00000,00000,0,A,Spring Hill city,Iowa,67,67,69,68,68
162,19,000,74775,00000,00000,0,A,Springville city,Iowa,1161,1162,1158,1152,1148
162,19,000,74820,00000,00000,0,A,Stacyville city,Iowa,456,456,450,442,437
162,19,000,74910,00000,00000,0,A,Stanhope city,Iowa,364,363,358,355,353
162,19,000,74955,00000,00000,0,A,Stanley city,Iowa,85,85,85,85,85
162,19,000,75000,00000,00000,0,A,Stanton city,Iowa,677,677,678,678,676
162,19,000,75045,00000,00000,0,A,Stanwood city,Iowa,640,639,632,627,620
162,19,000,75135,00000,00000,0,A,State Center city,Iowa,1396,1397,1391,1385,1392
162,19,000,75180,00000,00000,0,A,Steamboat Rock city,Iowa,266,265,265,263,261
162,19,000,75405,00000,00000,0,A,Stockport city,Iowa,275,276,277,277,275
162,19,000,75450,00000,00000,0,A,Stockton city,Iowa,178,177,176,173,172
162,19,000,75630,00000,00000,0,A,Storm Lake city,Iowa,11263,11257,11270,11368,11434
162,19,000,75675,00000,00000,0,A,Story City city,Iowa,3345,3343,3377,3370,3388
162,19,000,75720,00000,00000,0,A,Stout city,Iowa,190,190,192,192,192
162,19,000,75810,00000,00000,0,A,Stratford city,Iowa,701,700,694,687,682
162,19,000,75855,00000,00000,0,A,Strawberry Point city,Iowa,1158,1157,1154,1153,1147
162,19,000,75945,00000,00000,0,A,Struble city,Iowa,68,68,68,68,67
162,19,000,75990,00000,00000,0,A,Stuart city,Iowa,1785,1795,1809,1844,1855
162,19,000,76035,00000,00000,0,A,Sully city,Iowa,881,880,884,886,885
162,19,000,76260,00000,00000,0,A,Sumner city,Iowa,2029,2027,2032,2033,2031
162,19,000,76440,00000,00000,0,A,Superior city,Iowa,133,133,132,130,127
162,19,000,76485,00000,00000,0,A,Sutherland city,Iowa,632,630,622,620,625
162,19,000,76620,00000,00000,0,A,Swaledale city,Iowa,143,143,141,139,139
162,19,000,76665,00000,00000,0,A,Swan city,Iowa,76,76,75,77,77
162,19,000,76755,00000,00000,0,A,Swea City city,Iowa,566,565,552,550,547
162,19,000,76890,00000,00000,0,A,Swisher city,Iowa,918,916,918,915,904
162,19,000,76935,00000,00000,0,A,Tabor city,Iowa,1015,1009,1008,988,984
162,19,000,77115,00000,00000,0,A,Tama city,Iowa,3126,3115,3074,3073,3046
162,19,000,77340,00000,00000,0,A,Templeton city,Iowa,350,349,349,344,341
162,19,000,77430,00000,00000,0,A,Tennant city,Iowa,79,79,81,80,83
162,19,000,77520,00000,00000,0,A,Terril city,Iowa,334,334,332,325,316
162,19,000,77565,00000,00000,0,A,Thayer city,Iowa,49,49,49,48,48
162,19,000,77745,00000,00000,0,A,Thompson city,Iowa,499,498,497,495,489
162,19,000,77790,00000,00000,0,A,Thor city,Iowa,179,179,179,178,177
162,19,000,77835,00000,00000,0,A,Thornburg city,Iowa,47,47,46,46,47
162,19,000,77880,00000,00000,0,A,Thornton city,Iowa,405,404,398,395,393
162,19,000,77970,00000,00000,0,A,Thurman city,Iowa,165,164,164,163,163
162,19,000,78060,00000,00000,0,A,Tiffin city,Iowa,4515,4620,5236,5791,6325
162,19,000,78195,00000,00000,0,A,Tingley city,Iowa,136,135,137,137,135
162,19,000,78285,00000,00000,0,A,Tipton city,Iowa,3152,3149,3126,3089,3054
162,19,000,78330,00000,00000,0,A,Titonka city,Iowa,506,505,494,491,487
162,19,000,78510,00000,00000,0,A,Toledo city,Iowa,2375,2368,2343,2399,2383
162,19,000,78600,00000,00000,0,A,Toronto city,Iowa,102,102,102,101,101
162,19,000,78735,00000,00000,0,A,Traer city,Iowa,1580,1576,1553,1552,1549
162,19,000,78825,00000,00000,0,A,Treynor city,Iowa,1034,1033,1064,1087,1095
162,19,000,78915,00000,00000,0,A,Tripoli city,Iowa,1191,1192,1198,1203,1202
162,19,000,79095,00000,00000,0,A,Truesdale city,Iowa,66,66,66,64,63
162,19,000,79140,00000,00000,0,A,Truro city,Iowa,508,512,520,527,522
162,19,000,79185,00000,00000,0,A,Turin city,Iowa,72,72,71,70,70
162,19,000,79410,00000,00000,0,A,Udell city,Iowa,31,31,31,30,30
162,19,000,79500,00000,00000,0,A,Underwood city,Iowa,953,955,956,958,959
162,19,000,79545,00000,00000,0,A,Union city,Iowa,394,393,390,385,381
162,19,000,79680,00000,00000,0,A,Unionville city,Iowa,75,75,75,74,74
162,19,000,79770,00000,00000,0,A,University Heights city,Iowa,1226,1223,1221,1207,1187
162,19,000,79815,00000,00000,0,A,University Park city,Iowa,487,486,478,478,475
162,19,000,79905,00000,00000,0,A,Urbana city,Iowa,1560,1563,1587,1618,1627
162,19,000,79950,00000,00000,0,A,Urbandale city,Iowa,45582,45579,46004,46661,46729
162,19,000,79995,00000,00000,0,A,Ute city,Iowa,342,342,334,330,330
162,19,000,80130,00000,00000,0,A,Vail city,Iowa,391,390,382,380,376
162,19,000,80175,00000,00000,0,A,Valeria city,Iowa,37,37,37,38,39
162,19,000,80400,00000,00000,0,A,Van Horne city,Iowa,772,771,774,772,769
162,19,000,80445,00000,00000,0,A,Van Meter city,Iowa,1484,1492,1537,1556,1725
162,19,000,80490,00000,00000,0,A,Van Wert city,Iowa,178,177,179,180,179
162,19,000,80535,00000,00000,0,A,Varina city,Iowa,68,68,68,68,67
162,19,000,80580,00000,00000,0,A,Ventura city,Iowa,714,712,704,700,697
162,19,000,80805,00000,00000,0,A,Victor city,Iowa,874,873,865,858,852
162,19,000,80985,00000,00000,0,A,Villisca city,Iowa,1128,1129,1125,1118,1113
162,19,000,81075,00000,00000,0,A,Vincent city,Iowa,129,129,129,127,124
162,19,000,81120,00000,00000,0,A,Vining city,Iowa,53,53,52,52,52
162,19,000,81210,00000,00000,0,A,Vinton city,Iowa,4936,4925,4954,4946,4951
162,19,000,81345,00000,00000,0,A,Volga city,Iowa,203,203,203,202,201
162,19,000,81570,00000,00000,0,A,Wadena city,Iowa,208,207,205,205,204
162,19,000,81615,00000,00000,0,A,Wahpeton city,Iowa,345,347,348,346,341
162,19,000,81705,00000,00000,0,A,Walcott city,Iowa,1557,1556,1550,1548,1549
162,19,000,81840,00000,00000,0,A,Walford city,Iowa,1367,1364,1368,1358,1355
162,19,000,81885,00000,00000,0,A,Walker city,Iowa,685,684,678,671,668
162,19,000,81975,00000,00000,0,A,Wallingford city,Iowa,164,163,163,156,156
162,19,000,82020,00000,00000,0,A,Wall Lake city,Iowa,753,751,750,748,748
162,19,000,82065,00000,00000,0,A,Walnut city,Iowa,741,741,734,729,725
162,19,000,82200,00000,00000,0,A,Wapello city,Iowa,2085,2083,2062,2034,2013
162,19,000,82335,00000,00000,0,A,Washington city,Iowa,7361,7346,7299,7273,7252
162,19,000,82380,00000,00000,0,A,Washta city,Iowa,208,208,206,205,205
162,19,000,82425,00000,00000,0,A,Waterloo city,Iowa,67319,67275,66897,66525,66606
162,19,000,82470,00000,00000,0,A,Waterville city,Iowa,109,109,109,109,111
162,19,000,82650,00000,00000,0,A,Waucoma city,Iowa,230,229,227,228,227
162,19,000,82695,00000,00000,0,A,Waukee city,Iowa,23961,24380,26501,29181,31645
162,19,000,82740,00000,00000,0,A,Waukon city,Iowa,3826,3825,3781,3769,3777
162,19,000,82875,00000,00000,0,A,Waverly city,Iowa,10395,10411,10442,10520,10561
162,19,000,82965,00000,00000,0,A,Wayland city,Iowa,962,960,961,950,947
162,19,000,83010,00000,00000,0,A,Webb city,Iowa,141,140,141,139,139
162,19,000,83055,00000,00000,0,A,Webster city,Iowa,96,96,95,95,95
162,19,000,83145,00000,00000,0,A,Webster City city,Iowa,7828,7815,7745,7747,7713
162,19,000,83190,00000,00000,0,A,Weldon city,Iowa,137,136,138,138,138
162,19,000,83280,00000,00000,0,A,Wellman city,Iowa,1524,1523,1523,1519,1516
162,19,000,83325,00000,00000,0,A,Wellsburg city,Iowa,722,722,720,718,716
162,19,000,83370,00000,00000,0,A,Welton city,Iowa,128,128,128,127,127
162,19,000,83415,00000,00000,0,A,Wesley city,Iowa,393,392,385,381,380
162,19,000,83550,00000,00000,0,A,West Bend city,Iowa,792,791,788,776,775
162,19,000,83595,00000,00000,0,A,West Branch city,Iowa,2506,2510,2552,2645,2754
162,19,000,83685,00000,00000,0,A,West Burlington city,Iowa,3200,3197,3183,3164,3161
162,19,000,83775,00000,00000,0,A,West Chester city,Iowa,145,145,146,145,147
162,19,000,83910,00000,00000,0,A,West Des Moines city,Iowa,68728,68919,69917,70757,72205
162,19,000,84090,00000,00000,0,A,Westfield city,Iowa,121,121,120,120,120
162,19,000,84180,00000,00000,0,A,Westgate city,Iowa,192,191,190,191,190
162,19,000,84315,00000,00000,0,A,West Liberty city,Iowa,3860,3851,3817,3744,3728
162,19,000,84450,00000,00000,0,A,West Okoboji city,Iowa,304,307,311,311,308
162,19,000,84540,00000,00000,0,A,Westphalia city,Iowa,132,131,132,133,134
162,19,000,84585,00000,00000,0,A,West Point city,Iowa,924,924,916,914,909
162,19,000,84630,00000,00000,0,A,Westside city,Iowa,288,287,283,279,277
162,19,000,84765,00000,00000,0,A,West Union city,Iowa,2484,2476,2456,2442,2432
162,19,000,84835,00000,00000,0,A,Westwood city,Iowa,104,104,103,102,100
162,19,000,84900,00000,00000,0,A,What Cheer city,Iowa,606,605,597,597,597
162,19,000,84945,00000,00000,0,A,Wheatland city,Iowa,775,774,772,771,763
162,19,000,85215,00000,00000,0,A,Whiting city,Iowa,745,744,734,726,727
162,19,000,85260,00000,00000,0,A,Whittemore city,Iowa,497,496,484,483,479
162,19,000,85305,00000,00000,0,A,Whitten city,Iowa,101,101,100,99,98
162,19,000,85710,00000,00000,0,A,Willey city,Iowa,72,72,72,71,71
162,19,000,85800,00000,00000,0,A,Williams city,Iowa,307,306,303,299,298
162,19,000,85845,00000,00000,0,A,Williamsburg city,Iowa,3351,3355,3365,3364,3351
162,19,000,85935,00000,00000,0,A,Williamson city,Iowa,118,118,121,123,125
162,19,000,86070,00000,00000,0,A,Wilton city,Iowa,2925,2919,2893,2938,2930
162,19,000,86250,00000,00000,0,A,Windsor Heights city,Iowa,5256,5239,5186,5113,5067
162,19,000,86385,00000,00000,0,A,Winfield city,Iowa,1031,1029,1023,1020,1014
162,19,000,86520,00000,00000,0,A,Winterset city,Iowa,5355,5379,5403,5452,5374
162,19,000,86565,00000,00000,0,A,Winthrop city,Iowa,822,823,821,820,818
162,19,000,86610,00000,00000,0,A,Wiota city,Iowa,91,91,91,91,91
162,19,000,86700,00000,00000,0,A,Woden city,Iowa,186,185,184,183,181
162,19,000,86835,00000,00000,0,A,Woodbine city,Iowa,1630,1627,1631,1635,1718
162,19,000,86880,00000,00000,0,A,Woodburn city,Iowa,151,150,149,143,141
162,19,000,86970,00000,00000,0,A,Woodward city,Iowa,1348,1350,1361,1368,1363
162,19,000,87015,00000,00000,0,A,Woolstock city,Iowa,142,142,140,139,140
162,19,000,87060,00000,00000,0,A,Worthington city,Iowa,378,378,380,372,372
162,19,000,87240,00000,00000,0,A,Wyoming city,Iowa,524,524,530,530,527
162,19,000,87285,00000,00000,0,A,Yale city,Iowa,267,267,265,266,264
162,19,000,87375,00000,00000,0,A,Yetter city,Iowa,19,19,19,18,19
162,19,000,87420,00000,00000,0,A,Yorktown city,Iowa,63,63,63,63,62
162,19,000,87555,00000,00000,0,A,Zearing city,Iowa,536,535,536,531,503
162,19,000,87690,00000,00000,0,A,Zwingle city,Iowa,86,86,85,86,86
